{
  "compatibility_date": "2024-11-01",
  "main": "src/index.ts",
  "name": "openauth-template",
  "upload_source_maps": true,
  "kv_namespaces": [
    {
      "binding": "AUTH_STORAGE",
      "id": "afec91ff3f7e4b0b9b9323fc6cf5ff85"
    }
  ],
  "d1_databases": [
    {
      "binding": "AUTH_DB",
      "database_name": "openauth-template-auth-db",
      "database_id": "d4dfb2e9-2fd3-4d04-9c83-57b4336a5958"
    }
  ],
  "observability": {
    "enabled": true
  },
  "compatibility_flags": ["nodejs_compat"]
}
