{
  "compatibility_date": "2024-11-01",
  "main": "src/server/index.ts",
  "name": "durable-chat-template",
  "migrations": [
    {
      "new_sqlite_classes": ["Chat"],
      "tag": "v1"
    }
  ],
  "ai": {
    "binding": "AI"
  },
  "assets": {
    "directory": "./public",
    "binding": "ASSETS",
    "not_found_handling": "single-page-application"
  },
  "build": {
    "command": "esbuild src/client/index.tsx --bundle --splitting --format=esm --platform=browser --outdir=public/dist"
  },
  "durable_objects": {
    "bindings": [
      {
        "class_name": "Chat",
        "name": "Chat"
      }
    ]
  },
  "observability": {
    "enabled": true
  },
  "upload_source_maps": true
}
